provider_id,provider_name,specialty,hospital_id,license_number,license_expiry_date,ingestion_timestamp
PROV10001,Dr. Skyler Gonzalez,Internal Medicine,H002,LIC100001,2026-02-03,2026-06-22 11:56:04
PROV10002,Dr. Taylor Nelson,Emergency Medicine,H004,LIC100002,2027-01-20,2026-06-22 11:56:04
PROV10003,Dr. Skyler Brooks,Oncology,H002,LIC100003,2026-10-16,2026-06-22 11:56:04
PROV10004,Dr. Blake Reynolds,Internal Medicine,H001,LIC100004,2026-10-18,2026-06-22 11:56:04
PROV10005,Dr. Devon Diaz,Internal Medicine,H002,LIC100005,2027-05-14,2026-06-22 11:56:04
PROV10006,Dr. Taylor Patterson,Emergency Medicine,H002,LIC100006,2027-04-10,2026-06-22 11:56:04
PROV10007,Dr. Riley Ibrahim,Oncology,H001,LIC100007,2026-02-05,2026-06-22 11:56:04
PROV10008,Dr. Taylor Mills,Emergency Medicine,H004,LIC100008,2027-02-19,2026-06-22 11:56:04
PROV10009,Dr. Alex Turner,Pulmonology,H001,LIC100009,2026-12-02,2026-06-22 11:56:04
PROV10010,Dr. Rowan Brooks,Orthopedics,H004,LIC100010,2027-04-04,2026-06-22 11:56:04
PROV10011,Dr. Rowan Jackson,Internal Medicine,H001,LIC100011,2027-09-06,2026-06-22 11:56:04
PROV10012,Dr. Alex Mills,Pediatrics,H003,LIC100012,2026-03-09,2026-06-22 11:56:04
PROV10013,Dr. Taylor Kim,Internal Medicine,H003,LIC100013,2027-03-31,2026-06-22 11:56:04
PROV10014,Dr. Skyler Carter,Internal Medicine,H001,LIC100014,2027-10-15,2026-06-22 11:56:04
PROV10015,Dr. Avery Lewis,Cardiology,H004,LIC100015,2027-05-11,2026-06-22 11:56:04
PROV10016,Dr. Blake Carter,Pulmonology,H003,LIC100016,2027-10-20,2026-06-22 11:56:04
PROV10017,Dr. Riley Carter,Oncology,H005,LIC100017,2027-04-14,2026-06-22 11:56:04
PROV10018,Dr. Jordan Stewart,Orthopedics,H001,LIC100018,2026-12-25,2026-06-22 11:56:04
PROV10019,Dr. Rowan Harris,Internal Medicine,H003,LIC100019,2027-04-29,2026-06-22 11:56:04
PROV10020,Dr. Sydney Quinn,Neurology,H005,LIC100020,2026-03-18,2026-06-22 11:56:04
PROV10021,Dr. Blake Carter,Internal Medicine,H001,LIC100021,2026-04-12,2026-06-22 11:56:04
PROV10022,Dr. Drew Edwards,Pulmonology,H004,LIC100022,2027-03-09,2026-06-22 11:56:04
PROV10023,Dr. Quinn Owens,Pediatrics,H003,LIC100023,2027-01-28,2026-06-22 11:56:04
PROV10024,Dr. Reese Owens,Neurology,H005,LIC100024,2027-04-26,2026-06-22 11:56:04
PROV10025,Dr. Riley Lewis,Pediatrics,H004,LIC100025,2026-03-18,2026-06-22 11:56:04
PROV10026,Dr. Devon Kim,Neurology,H002,LIC100026,2026-02-13,2026-06-22 11:56:04
PROV10027,Dr. Riley Kim,Oncology,H002,LIC100027,2026-03-30,2026-06-22 11:56:04
PROV10028,Dr. Ryan Reynolds,Neurology,H005,LIC100028,2026-02-27,2026-06-22 11:56:04
PROV10029,Dr. Reese Brooks,Emergency Medicine,H002,LIC100029,2026-11-03,2026-06-22 11:56:04
PROV10030,Dr. Reese Gonzalez,Emergency Medicine,H005,LIC100030,2027-04-02,2026-06-22 11:56:04
PROV10031,Dr. Jamie Patterson,Neurology,H005,LIC100031,2027-12-25,2026-06-22 11:56:04
PROV10032,Dr. Riley Owens,Cardiology,H002,LIC100032,2026-07-27,2026-06-22 11:56:04
PROV10033,Dr. Taylor Kim,Pulmonology,H002,LIC100033,2026-04-29,2026-06-22 11:56:04
PROV10034,Dr. Parker Gonzalez,Oncology,H001,LIC100034,2027-11-08,2026-06-22 11:56:04
PROV10035,Dr. Taylor Edwards,Internal Medicine,H002,LIC100035,2027-05-16,2026-06-22 11:56:04
PROV10036,Dr. Devon Patterson,Internal Medicine,H005,LIC100036,2027-04-19,2026-06-22 11:56:04
PROV10037,Dr. Casey Ibrahim,Oncology,H005,LIC100037,2027-05-04,2026-06-22 11:56:04
PROV10038,Dr. Casey Edwards,Emergency Medicine,H002,LIC100038,2026-12-09,2026-06-22 11:56:04
PROV10039,Dr. Taylor Mills,Orthopedics,H001,LIC100039,2027-11-25,2026-06-22 11:56:04
PROV10040,Dr. Reese Anderson,Neurology,H001,LIC100040,2026-08-05,2026-06-22 11:56:04
PROV10041,Dr. Skyler Nelson,Emergency Medicine,H001,LIC100041,2027-03-11,2026-06-22 11:56:04
PROV10042,Dr. Ryan Brooks,Pediatrics,H001,LIC100042,2026-06-06,2026-06-22 11:56:04
PROV10043,Dr. Skyler Edwards,Emergency Medicine,H005,LIC100043,2026-08-24,2026-06-22 11:56:04
PROV10044,Dr. Devon Reynolds,Emergency Medicine,H005,LIC100044,2027-05-15,2026-06-22 11:56:04
PROV10045,Dr. Jordan Carter,Pulmonology,H003,LIC100045,2027-08-29,2026-06-22 11:56:04
PROV10046,Dr. Cameron Edwards,Emergency Medicine,H002,LIC100046,2027-08-15,2026-06-22 11:56:04
PROV10047,Dr. Cameron Nelson,Neurology,H005,LIC100047,2027-06-06,2026-06-22 11:56:04
PROV10048,Dr. Casey Edwards,Pediatrics,H004,LIC100048,2026-08-29,2026-06-22 11:56:04
PROV10049,Dr. Sydney Brooks,Oncology,H002,LIC100049,2027-11-06,2026-06-22 11:56:04
PROV10050,Dr. Parker Mills,Pediatrics,H003,LIC100050,2025-04-21,2026-06-22 11:56:04
PROV10051,Dr. Ryan Carter,Pulmonology,H005,LIC100051,2026-09-04,2026-06-22 11:56:04
PROV10052,Dr. Sydney Nelson,Emergency Medicine,H005,LIC100052,2026-05-23,2026-06-22 11:56:04
PROV10053,Dr. Alex Gonzalez,Pulmonology,H002,LIC100053,2026-12-15,2026-06-22 11:56:04
PROV10054,Dr. Cameron Ibrahim,Pulmonology,H003,LIC100054,2027-06-08,2026-06-22 11:56:04
PROV10055,Dr. Jordan Brooks,Emergency Medicine,H004,LIC100055,2027-07-17,2026-06-22 11:56:04
PROV10056,Dr. Jordan Patterson,Pediatrics,H005,LIC100056,2026-05-17,2026-06-22 11:56:04
PROV10057,Dr. Reese Brooks,Pulmonology,H001,LIC100057,2026-04-06,2026-06-22 11:56:04
PROV10058,Dr. Blake Diaz,Neurology,H001,LIC100058,2027-12-20,2026-06-22 11:56:04
PROV10059,Dr. Blake Kim,Cardiology,H004,LIC100059,2026-04-05,2026-06-22 11:56:04
PROV10060,Dr. Casey Carter,Emergency Medicine,H002,LIC100060,2026-09-17,2026-06-22 11:56:04
PROV10061,Dr. Jamie Mills,Pediatrics,H003,LIC100061,2027-01-07,2026-06-22 11:56:04
PROV10062,Dr. Rowan Carter,Internal Medicine,H003,LIC100062,2026-08-03,2026-06-22 11:56:04
PROV10063,Dr. Taylor Patterson,Emergency Medicine,H003,LIC100063,2027-07-19,2026-06-22 11:56:04
PROV10064,Dr. Quinn Owens,Oncology,H002,LIC100064,2026-03-18,2026-06-22 11:56:04
PROV10065,Dr. Casey Patterson,Internal Medicine,H003,LIC100065,2026-09-30,2026-06-22 11:56:04
PROV10066,Dr. Casey Brooks,Oncology,H004,LIC100066,2027-03-05,2026-06-22 11:56:04
PROV10067,Dr. Reese Lewis,Pulmonology,H002,LIC100067,2026-08-02,2026-06-22 11:56:04
PROV10068,Dr. Casey Edwards,Emergency Medicine,H001,LIC100068,2027-01-06,2026-06-22 11:56:04
PROV10069,Dr. Sydney Brooks,Pulmonology,H005,LIC100069,2026-11-26,2026-06-22 11:56:04
PROV10070,Dr. Harper Nelson,Emergency Medicine,H005,LIC100070,2027-02-15,2026-06-22 11:56:04
PROV10071,Dr. Jamie Fisher,Oncology,H005,LIC100071,2027-07-07,2026-06-22 11:56:04
PROV10072,Dr. Harper Ibrahim,Emergency Medicine,H003,LIC100072,2027-02-13,2026-06-22 11:56:04
PROV10073,Dr. Sydney Diaz,Pulmonology,H003,LIC100073,2026-08-28,2026-06-22 11:56:04
PROV10074,Dr. Drew Gonzalez,Internal Medicine,H001,LIC100074,2027-07-24,2026-06-22 11:56:04
PROV10075,Dr. Riley Patterson,Pediatrics,H002,LIC100075,2026-02-07,2026-06-22 11:56:04
PROV10076,Dr. Cameron Turner,Internal Medicine,H004,LIC100076,2026-04-06,2026-06-22 11:56:04
PROV10077,Dr. Taylor Lewis,Emergency Medicine,H003,LIC100077,2027-11-21,2026-06-22 11:56:04
PROV10078,Dr. Blake Brooks,Emergency Medicine,H005,LIC100078,2027-03-28,2026-06-22 11:56:04
PROV10079,Dr. Drew Stewart,Cardiology,H001,LIC100079,2026-06-05,2026-06-22 11:56:04
PROV10080,Dr. Casey Fisher,Pediatrics,H002,LIC100080,2027-05-03,2026-06-22 11:56:04
PROV10081,Dr. Drew Lewis,Cardiology,H005,LIC100081,2026-12-10,2026-06-22 11:56:04
PROV10082,Dr. Alex Stewart,Emergency Medicine,H001,LIC100082,2026-06-06,2026-06-22 11:56:04
PROV10083,Dr. Drew Turner,Orthopedics,H004,LIC100083,2026-03-06,2026-06-22 11:56:04
PROV10084,Dr. Casey Lewis,Cardiology,H005,LIC100084,2026-12-26,2026-06-22 11:56:04
PROV10085,Dr. Alex Nelson,Pulmonology,H003,LIC100085,2027-08-02,2026-06-22 11:56:04
PROV10086,Dr. Harper Nelson,Pulmonology,H004,LIC100086,2026-07-22,2026-06-22 11:56:04
PROV10087,Dr. Drew Carter,Pulmonology,H002,LIC100087,2027-08-25,2026-06-22 11:56:04
PROV10088,Dr. Alex Nelson,Pulmonology,H001,LIC100088,2026-01-02,2026-06-22 11:56:04
PROV10089,Dr. Alex Anderson,Orthopedics,H004,LIC100089,2027-01-28,2026-06-22 11:56:04
PROV10090,Dr. Quinn Quinn,Emergency Medicine,H004,LIC100090,2026-01-27,2026-06-22 11:56:04
PROV10091,Dr. Morgan Nelson,Internal Medicine,H001,LIC100091,2026-07-07,2026-06-22 11:56:04
PROV10092,Dr. Ryan Mills,Emergency Medicine,H004,LIC100092,2027-02-03,2026-06-22 11:56:04
PROV10093,Dr. Harper Anderson,Internal Medicine,H001,LIC100093,2027-08-14,2026-06-22 11:56:04
PROV10094,Dr. Blake Patterson,Pediatrics,H004,LIC100094,2026-04-07,2026-06-22 11:56:04
PROV10095,Dr. Quinn Nelson,Cardiology,H001,LIC100095,2027-06-04,2026-06-22 11:56:04
PROV10096,Dr. Ryan Fisher,Pulmonology,H001,LIC100096,2027-10-20,2026-06-22 11:56:04
PROV10097,Dr. Parker Carter,Neurology,H005,LIC100097,2027-12-18,2026-06-22 11:56:04
PROV10098,Dr. Devon Diaz,Emergency Medicine,H001,LIC100098,2026-12-13,2026-06-22 11:56:04
PROV10099,Dr. Taylor Brooks,Oncology,H003,LIC100099,2027-07-08,2026-06-22 11:56:04
PROV10100,Dr. Parker Diaz,Orthopedics,H001,LIC100100,2025-01-02,2026-06-22 11:56:04
PROV10101,Dr. Morgan Lewis,Pediatrics,H002,LIC100101,2027-12-29,2026-06-22 11:56:04
PROV10102,Dr. Skyler Quinn,Neurology,H005,LIC100102,2026-05-21,2026-06-22 11:56:04
PROV10103,Dr. Quinn Mills,Cardiology,H003,LIC100103,2026-05-08,2026-06-22 11:56:04
PROV10104,Dr. Cameron Quinn,Emergency Medicine,H004,LIC100104,2026-01-22,2026-06-22 11:56:04
PROV10105,Dr. Jordan Lewis,Pediatrics,H003,LIC100105,2026-12-08,2026-06-22 11:56:04
PROV10106,Dr. Skyler Fisher,Pediatrics,H003,LIC100106,2027-03-26,2026-06-22 11:56:04
PROV10107,Dr. Casey Jackson,Pediatrics,H004,LIC100107,2027-01-02,2026-06-22 11:56:04
PROV10108,Dr. Cameron Diaz,Pulmonology,H005,LIC100108,2026-09-24,2026-06-22 11:56:04
PROV10109,Dr. Casey Carter,Oncology,H001,LIC100109,2027-08-15,2026-06-22 11:56:04
PROV10110,Dr. Sydney Patterson,Oncology,H001,LIC100110,2026-06-20,2026-06-22 11:56:04
PROV10111,Dr. Parker Turner,Neurology,H002,LIC100111,2026-10-14,2026-06-22 11:56:04
PROV10112,Dr. Blake Reynolds,Cardiology,H001,LIC100112,2027-11-17,2026-06-22 11:56:04
PROV10113,Dr. Reese Gonzalez,Oncology,H005,LIC100113,2026-06-08,2026-06-22 11:56:04
PROV10114,Dr. Parker Harris,Orthopedics,H002,LIC100114,2026-02-17,2026-06-22 11:56:04
PROV10115,Dr. Jordan Harris,Oncology,H003,LIC100115,2026-08-25,2026-06-22 11:56:04
PROV10116,Dr. Morgan Gonzalez,Pediatrics,H003,LIC100116,2027-06-20,2026-06-22 11:56:04
PROV10117,Dr. Jamie Turner,Neurology,H002,LIC100117,2027-05-21,2026-06-22 11:56:04
PROV10118,Dr. Cameron Owens,Internal Medicine,H001,LIC100118,2026-05-03,2026-06-22 11:56:04
PROV10119,Dr. Taylor Gonzalez,Internal Medicine,H004,LIC100119,2026-02-14,2026-06-22 11:56:04
PROV10120,Dr. Drew Reynolds,Neurology,H003,LIC100120,2026-02-01,2026-06-22 11:56:04
PROV10121,Dr. Riley Owens,Internal Medicine,H004,LIC100121,2027-06-15,2026-06-22 11:56:04
PROV10122,Dr. Casey Diaz,Cardiology,H004,LIC100122,2026-11-16,2026-06-22 11:56:04
PROV10123,Dr. Jamie Patterson,Orthopedics,H003,LIC100123,2026-01-02,2026-06-22 11:56:04
PROV10124,Dr. Blake Brooks,Orthopedics,H002,LIC100124,2026-01-15,2026-06-22 11:56:04
PROV10125,Dr. Skyler Diaz,Pediatrics,H003,LIC100125,2027-08-25,2026-06-22 11:56:04
PROV10126,Dr. Harper Owens,Neurology,H003,LIC100126,2027-01-24,2026-06-22 11:56:04
PROV10127,Dr. Blake Patterson,Pulmonology,H005,LIC100127,2027-07-18,2026-06-22 11:56:04
PROV10128,Dr. Jordan Reynolds,Pediatrics,H005,LIC100128,2026-04-25,2026-06-22 11:56:04
PROV10129,Dr. Jordan Jackson,Pediatrics,H004,LIC100129,2027-10-31,2026-06-22 11:56:04
PROV10130,Dr. Morgan Harris,Oncology,H002,LIC100130,2027-07-27,2026-06-22 11:56:04
PROV10131,Dr. Jordan Fisher,Internal Medicine,H004,LIC100131,2027-10-06,2026-06-22 11:56:04
PROV10132,Dr. Taylor Kim,Orthopedics,H004,LIC100132,2027-09-26,2026-06-22 11:56:04
PROV10133,Dr. Harper Ibrahim,Pulmonology,H004,LIC100133,2026-11-23,2026-06-22 11:56:04
PROV10134,Dr. Jamie Stewart,Cardiology,H004,LIC100134,2026-09-01,2026-06-22 11:56:04
PROV10135,Dr. Casey Jackson,Neurology,H001,LIC100135,2027-09-30,2026-06-22 11:56:04
PROV10136,Dr. Cameron Quinn,Internal Medicine,H003,LIC100136,2027-10-15,2026-06-22 11:56:04
PROV10137,Dr. Casey Quinn,Neurology,H005,LIC100137,2026-01-27,2026-06-22 11:56:04
PROV10138,Dr. Taylor Gonzalez,Pediatrics,H002,LIC100138,2027-11-22,2026-06-22 11:56:04
PROV10139,Dr. Skyler Brooks,Pediatrics,H005,LIC100139,2026-05-03,2026-06-22 11:56:04
PROV10140,Dr. Avery Gonzalez,Emergency Medicine,H004,LIC100140,2026-12-26,2026-06-22 11:56:04
PROV10141,Dr. Sydney Carter,Oncology,H005,LIC100141,2027-04-14,2026-06-22 11:56:04
PROV10142,Dr. Parker Jackson,Pulmonology,H005,LIC100142,2026-07-18,2026-06-22 11:56:04
PROV10143,Dr. Quinn Carter,Cardiology,H004,LIC100143,2027-01-07,2026-06-22 11:56:04
PROV10144,Dr. Jamie Patterson,Pediatrics,H004,LIC100144,2026-03-12,2026-06-22 11:56:04
PROV10145,Dr. Casey Carter,Cardiology,H001,LIC100145,2027-09-19,2026-06-22 11:56:04
PROV10146,Dr. Morgan Anderson,Oncology,H001,LIC100146,2026-01-13,2026-06-22 11:56:04
PROV10147,Dr. Alex Jackson,Neurology,H002,LIC100147,2026-02-09,2026-06-22 11:56:04
PROV10148,Dr. Drew Anderson,Pediatrics,H005,LIC100148,2026-08-15,2026-06-22 11:56:04
PROV10149,Dr. Ryan Harris,Emergency Medicine,H002,LIC100149,2027-04-02,2026-06-22 11:56:04
PROV10150,Dr. Harper Patterson,Pulmonology,H002,LIC100150,2025-12-13,2026-06-22 11:56:04
PROV10151,Dr. Alex Ibrahim,Oncology,H003,LIC100151,2027-03-09,2026-06-22 11:56:04
PROV10152,Dr. Rowan Lewis,Oncology,H003,LIC100152,2026-02-17,2026-06-22 11:56:04
PROV10153,Dr. Morgan Diaz,Pediatrics,H003,LIC100153,2027-12-19,2026-06-22 11:56:04
PROV10154,Dr. Devon Ibrahim,Oncology,H001,LIC100154,2026-11-21,2026-06-22 11:56:04
PROV10155,Dr. Drew Ibrahim,Cardiology,H005,LIC100155,2027-05-09,2026-06-22 11:56:04
PROV10156,Dr. Rowan Harris,Pulmonology,H003,LIC100156,2027-01-13,2026-06-22 11:56:04
PROV10157,Dr. Drew Harris,Orthopedics,H003,LIC100157,2027-03-27,2026-06-22 11:56:04
PROV10158,Dr. Taylor Stewart,Pediatrics,H004,LIC100158,2027-01-06,2026-06-22 11:56:04
PROV10159,Dr. Skyler Reynolds,Oncology,H001,LIC100159,2027-10-13,2026-06-22 11:56:04
PROV10160,Dr. Blake Nelson,Neurology,H004,LIC100160,2027-01-06,2026-06-22 11:56:04
PROV10161,Dr. Avery Harris,Pulmonology,H004,LIC100161,2027-06-04,2026-06-22 11:56:04
PROV10162,Dr. Sydney Diaz,Neurology,H005,LIC100162,2027-08-15,2026-06-22 11:56:04
PROV10163,Dr. Ryan Nelson,Internal Medicine,H002,LIC100163,2027-03-19,2026-06-22 11:56:04
PROV10164,Dr. Taylor Reynolds,Pediatrics,H001,LIC100164,2026-12-23,2026-06-22 11:56:04
PROV10165,Dr. Morgan Stewart,Cardiology,H004,LIC100165,2026-07-01,2026-06-22 11:56:04
PROV10166,Dr. Reese Diaz,Pulmonology,H002,LIC100166,2026-07-14,2026-06-22 11:56:04
PROV10167,Dr. Blake Diaz,Pediatrics,H003,LIC100167,2026-02-13,2026-06-22 11:56:04
PROV10168,Dr. Taylor Nelson,Oncology,H003,LIC100168,2026-02-23,2026-06-22 11:56:04
PROV10169,Dr. Ryan Carter,Pulmonology,H003,LIC100169,2026-03-15,2026-06-22 11:56:04
PROV10170,Dr. Casey Jackson,Emergency Medicine,H003,LIC100170,2027-04-04,2026-06-22 11:56:04
PROV10171,Dr. Blake Gonzalez,Pediatrics,H002,LIC100171,2027-03-14,2026-06-22 11:56:04
PROV10172,Dr. Parker Nelson,Neurology,H003,LIC100172,2026-03-05,2026-06-22 11:56:04
PROV10173,Dr. Drew Lewis,Neurology,H005,LIC100173,2027-09-19,2026-06-22 11:56:04
PROV10174,Dr. Jordan Fisher,Pulmonology,H003,LIC100174,2027-08-13,2026-06-22 11:56:04
PROV10175,Dr. Jordan Diaz,Oncology,H004,LIC100175,2026-12-15,2026-06-22 11:56:04
PROV10176,Dr. Devon Reynolds,Pulmonology,H005,LIC100176,2026-11-14,2026-06-22 11:56:04
PROV10177,Dr. Drew Gonzalez,Emergency Medicine,H004,LIC100177,2027-06-23,2026-06-22 11:56:04
PROV10178,Dr. Jamie Reynolds,Internal Medicine,H005,LIC100178,2026-08-31,2026-06-22 11:56:04
PROV10179,Dr. Drew Lewis,Emergency Medicine,H003,LIC100179,2027-06-04,2026-06-22 11:56:04
PROV10180,Dr. Rowan Turner,Neurology,H003,LIC100180,2027-02-22,2026-06-22 11:56:04
PROV10181,Dr. Skyler Gonzalez,Oncology,H004,LIC100181,2026-06-03,2026-06-22 11:56:04
PROV10182,Dr. Ryan Lewis,Emergency Medicine,H002,LIC100182,2027-08-08,2026-06-22 11:56:04
PROV10183,Dr. Taylor Lewis,Pediatrics,H002,LIC100183,2027-03-19,2026-06-22 11:56:04
PROV10184,Dr. Devon Fisher,Oncology,H001,LIC100184,2027-02-05,2026-06-22 11:56:04
PROV10185,Dr. Blake Lewis,Cardiology,H004,LIC100185,2026-10-20,2026-06-22 11:56:04
PROV10186,Dr. Sydney Nelson,Pulmonology,H005,LIC100186,2027-12-20,2026-06-22 11:56:04
PROV10187,Dr. Avery Anderson,Pediatrics,H004,LIC100187,2027-04-12,2026-06-22 11:56:04
PROV10188,Dr. Alex Anderson,Pediatrics,H004,LIC100188,2027-10-05,2026-06-22 11:56:04
PROV10189,Dr. Sydney Jackson,Orthopedics,H002,LIC100189,2027-03-03,2026-06-22 11:56:04
PROV10190,Dr. Riley Nelson,Internal Medicine,H003,LIC100190,2026-01-20,2026-06-22 11:56:04
PROV10191,Dr. Drew Harris,Orthopedics,H002,LIC100191,2026-09-23,2026-06-22 11:56:04
PROV10192,Dr. Taylor Fisher,Neurology,H005,LIC100192,2026-07-23,2026-06-22 11:56:04
PROV10193,Dr. Harper Patterson,Internal Medicine,H004,LIC100193,2027-12-22,2026-06-22 11:56:04
PROV10194,Dr. Reese Stewart,Emergency Medicine,H002,LIC100194,2027-12-10,2026-06-22 11:56:04
PROV10195,Dr. Riley Reynolds,Neurology,H005,LIC100195,2026-11-10,2026-06-22 11:56:04
PROV10196,Dr. Sydney Lewis,Neurology,H003,LIC100196,2026-02-06,2026-06-22 11:56:04
PROV10197,Dr. Riley Fisher,Neurology,H005,LIC100197,2026-02-25,2026-06-22 11:56:04
PROV10198,Dr. Skyler Carter,Neurology,H002,LIC100198,2027-08-05,2026-06-22 11:56:04
PROV10199,Dr. Quinn Diaz,Cardiology,H004,LIC100199,2027-10-27,2026-06-22 11:56:04
PROV10200,Dr. Jordan Anderson,Cardiology,H005,LIC100200,2025-07-09,2026-06-22 11:56:04
PROV10201,Dr. Sydney Mills,Pulmonology,H002,LIC100201,2026-04-26,2026-06-22 11:56:04
PROV10202,Dr. Casey Reynolds,Pediatrics,H005,LIC100202,2027-06-01,2026-06-22 11:56:04
PROV10203,Dr. Riley Lewis,Oncology,H005,LIC100203,2026-06-10,2026-06-22 11:56:04
PROV10204,Dr. Blake Turner,Cardiology,H004,LIC100204,2026-09-06,2026-06-22 11:56:04
PROV10205,Dr. Parker Harris,Orthopedics,H004,LIC100205,2027-09-26,2026-06-22 11:56:04
PROV10206,Dr. Taylor Gonzalez,Cardiology,H001,LIC100206,2027-05-21,2026-06-22 11:56:04
PROV10207,Dr. Morgan Ibrahim,Internal Medicine,H004,LIC100207,2027-05-08,2026-06-22 11:56:04
PROV10208,Dr. Jamie Diaz,Orthopedics,H002,LIC100208,2026-08-27,2026-06-22 11:56:04
PROV10209,Dr. Jamie Ibrahim,Cardiology,H004,LIC100209,2027-01-07,2026-06-22 11:56:04
PROV10210,Dr. Jamie Edwards,Internal Medicine,H005,LIC100210,2026-07-07,2026-06-22 11:56:04
PROV10211,Dr. Ryan Jackson,Pediatrics,H002,LIC100211,2027-08-22,2026-06-22 11:56:04
PROV10212,Dr. Casey Edwards,Internal Medicine,H004,LIC100212,2026-08-28,2026-06-22 11:56:04
PROV10213,Dr. Rowan Gonzalez,Oncology,H001,LIC100213,2026-09-24,2026-06-22 11:56:04
PROV10214,Dr. Reese Stewart,Orthopedics,H001,LIC100214,2027-10-11,2026-06-22 11:56:04
PROV10215,Dr. Skyler Nelson,Pulmonology,H001,LIC100215,2026-07-13,2026-06-22 11:56:04
PROV10216,Dr. Quinn Brooks,Oncology,H003,LIC100216,2027-02-26,2026-06-22 11:56:04
PROV10217,Dr. Quinn Fisher,Cardiology,H003,LIC100217,2026-07-05,2026-06-22 11:56:04
PROV10218,Dr. Harper Harris,Emergency Medicine,H005,LIC100218,2027-10-13,2026-06-22 11:56:04
PROV10219,Dr. Parker Carter,Cardiology,H005,LIC100219,2026-12-10,2026-06-22 11:56:04
PROV10220,Dr. Taylor Brooks,Orthopedics,H005,LIC100220,2027-02-17,2026-06-22 11:56:04
PROV10221,Dr. Rowan Carter,Pediatrics,H002,LIC100221,2026-07-28,2026-06-22 11:56:04
PROV10222,Dr. Jordan Nelson,Oncology,H003,LIC100222,2027-05-27,2026-06-22 11:56:04
PROV10223,Dr. Cameron Kim,Oncology,H004,LIC100223,2026-01-22,2026-06-22 11:56:04
PROV10224,Dr. Jordan Patterson,Emergency Medicine,H005,LIC100224,2026-12-23,2026-06-22 11:56:04
PROV10225,Dr. Riley Owens,Cardiology,H001,LIC100225,2027-05-29,2026-06-22 11:56:04
PROV10226,Dr. Jamie Mills,Pulmonology,H005,LIC100226,2026-08-03,2026-06-22 11:56:04
PROV10227,Dr. Alex Edwards,Orthopedics,H005,LIC100227,2026-08-01,2026-06-22 11:56:04
PROV10228,Dr. Parker Patterson,Neurology,H002,LIC100228,2027-11-19,2026-06-22 11:56:04
PROV10229,Dr. Skyler Gonzalez,Internal Medicine,H004,LIC100229,2027-02-21,2026-06-22 11:56:04
PROV10230,Dr. Avery Mills,Internal Medicine,H001,LIC100230,2027-12-27,2026-06-22 11:56:04
PROV10231,Dr. Drew Stewart,Orthopedics,H002,LIC100231,2027-04-06,2026-06-22 11:56:04
PROV10232,Dr. Cameron Owens,Emergency Medicine,H002,LIC100232,2027-11-08,2026-06-22 11:56:04
PROV10233,Dr. Sydney Mills,Emergency Medicine,H004,LIC100233,2026-12-29,2026-06-22 11:56:04
PROV10234,Dr. Parker Kim,Orthopedics,H005,LIC100234,2027-09-11,2026-06-22 11:56:04
PROV10235,Dr. Drew Owens,Cardiology,H003,LIC100235,2026-02-21,2026-06-22 11:56:04
PROV10236,Dr. Rowan Kim,Emergency Medicine,H002,LIC100236,2027-06-21,2026-06-22 11:56:04
PROV10237,Dr. Blake Ibrahim,Orthopedics,H002,LIC100237,2027-02-21,2026-06-22 11:56:04
PROV10238,Dr. Jamie Lewis,Pediatrics,H005,LIC100238,2027-02-01,2026-06-22 11:56:04
PROV10239,Dr. Rowan Owens,Cardiology,H004,LIC100239,2026-04-26,2026-06-22 11:56:04
PROV10240,Dr. Harper Edwards,Neurology,H002,LIC100240,2027-01-02,2026-06-22 11:56:04
PROV10241,Dr. Alex Carter,Pulmonology,H004,LIC100241,2027-03-17,2026-06-22 11:56:04
PROV10242,Dr. Alex Kim,Internal Medicine,H002,LIC100242,2026-07-08,2026-06-22 11:56:04
PROV10243,Dr. Rowan Owens,Internal Medicine,H001,LIC100243,2027-10-13,2026-06-22 11:56:04
PROV10244,Dr. Harper Edwards,Orthopedics,H002,LIC100244,2026-11-02,2026-06-22 11:56:04
PROV10245,Dr. Rowan Kim,Cardiology,H002,LIC100245,2026-06-19,2026-06-22 11:56:04
PROV10246,Dr. Blake Fisher,Emergency Medicine,H004,LIC100246,2026-09-20,2026-06-22 11:56:04
PROV10247,Dr. Taylor Quinn,Emergency Medicine,H004,LIC100247,2027-09-24,2026-06-22 11:56:04
PROV10248,Dr. Avery Nelson,Orthopedics,H002,LIC100248,2027-08-13,2026-06-22 11:56:04
PROV10249,Dr. Casey Gonzalez,Cardiology,H005,LIC100249,2027-08-20,2026-06-22 11:56:04
PROV10250,Dr. Drew Harris,Orthopedics,H002,LIC100250,2025-07-28,2026-06-22 11:56:04
PROV10251,Dr. Morgan Nelson,Oncology,H003,LIC100251,2026-02-22,2026-06-22 11:56:04
PROV10252,Dr. Reese Carter,Emergency Medicine,H001,LIC100252,2026-01-14,2026-06-22 11:56:04
PROV10253,Dr. Harper Turner,Neurology,H002,LIC100253,2027-11-03,2026-06-22 11:56:04
PROV10254,Dr. Cameron Brooks,Internal Medicine,H003,LIC100254,2026-06-23,2026-06-22 11:56:04
PROV10255,Dr. Skyler Anderson,Orthopedics,H001,LIC100255,2026-11-28,2026-06-22 11:56:04
PROV10256,Dr. Rowan Mills,Neurology,H004,LIC100256,2027-05-24,2026-06-22 11:56:04
PROV10257,Dr. Taylor Fisher,Emergency Medicine,H005,LIC100257,2027-11-27,2026-06-22 11:56:04
PROV10258,Dr. Jordan Jackson,Emergency Medicine,H005,LIC100258,2026-02-13,2026-06-22 11:56:04
PROV10259,Dr. Reese Diaz,Pediatrics,H004,LIC100259,2027-05-18,2026-06-22 11:56:04
PROV10260,Dr. Blake Gonzalez,Emergency Medicine,H005,LIC100260,2027-10-12,2026-06-22 11:56:04
PROV10261,Dr. Casey Ibrahim,Cardiology,H004,LIC100261,2026-10-14,2026-06-22 11:56:04
PROV10262,Dr. Jamie Kim,Neurology,H001,LIC100262,2026-06-25,2026-06-22 11:56:04
PROV10263,Dr. Devon Stewart,Pediatrics,H004,LIC100263,2027-04-24,2026-06-22 11:56:04
PROV10264,Dr. Morgan Carter,Oncology,H005,LIC100264,2026-03-27,2026-06-22 11:56:04
PROV10265,Dr. Jamie Edwards,Pulmonology,H002,LIC100265,2026-06-27,2026-06-22 11:56:04
PROV10266,Dr. Skyler Owens,Pediatrics,H001,LIC100266,2027-11-11,2026-06-22 11:56:04
PROV10267,Dr. Sydney Anderson,Pulmonology,H001,LIC100267,2027-10-18,2026-06-22 11:56:04
PROV10268,Dr. Morgan Kim,Cardiology,H002,LIC100268,2027-09-17,2026-06-22 11:56:04
PROV10269,Dr. Ryan Lewis,Internal Medicine,H004,LIC100269,2027-05-13,2026-06-22 11:56:04
PROV10270,Dr. Reese Nelson,Cardiology,H004,LIC100270,2026-10-09,2026-06-22 11:56:04
PROV10271,Dr. Avery Ibrahim,Cardiology,H002,LIC100271,2026-11-10,2026-06-22 11:56:04
PROV10272,Dr. Quinn Nelson,Oncology,H002,LIC100272,2027-09-06,2026-06-22 11:56:04
PROV10273,Dr. Jordan Gonzalez,Cardiology,H001,LIC100273,2026-10-04,2026-06-22 11:56:04
PROV10274,Dr. Devon Edwards,Internal Medicine,H002,LIC100274,2026-04-18,2026-06-22 11:56:04
PROV10275,Dr. Harper Reynolds,Internal Medicine,H004,LIC100275,2027-02-25,2026-06-22 11:56:04
PROV10276,Dr. Rowan Gonzalez,Internal Medicine,H001,LIC100276,2026-04-19,2026-06-22 11:56:04
PROV10277,Dr. Avery Fisher,Pulmonology,H003,LIC100277,2026-10-11,2026-06-22 11:56:04
PROV10278,Dr. Riley Fisher,Pulmonology,H002,LIC100278,2027-07-22,2026-06-22 11:56:04
PROV10279,Dr. Sydney Reynolds,Cardiology,H005,LIC100279,2027-03-27,2026-06-22 11:56:04
PROV10280,Dr. Reese Quinn,Cardiology,H004,LIC100280,2026-04-05,2026-06-22 11:56:04
PROV10281,Dr. Skyler Anderson,Neurology,H002,LIC100281,2026-05-20,2026-06-22 11:56:04
PROV10282,Dr. Taylor Anderson,Emergency Medicine,H002,LIC100282,2026-12-10,2026-06-22 11:56:04
PROV10283,Dr. Quinn Diaz,Internal Medicine,H001,LIC100283,2026-10-19,2026-06-22 11:56:04
PROV10284,Dr. Riley Turner,Internal Medicine,H005,LIC100284,2027-06-29,2026-06-22 11:56:04
PROV10285,Dr. Ryan Edwards,Pediatrics,H001,LIC100285,2027-07-09,2026-06-22 11:56:04
PROV10286,Dr. Cameron Lewis,Orthopedics,H001,LIC100286,2026-11-19,2026-06-22 11:56:04
PROV10287,Dr. Reese Carter,Orthopedics,H003,LIC100287,2027-07-24,2026-06-22 11:56:04
PROV10288,Dr. Blake Jackson,Internal Medicine,H003,LIC100288,2026-03-06,2026-06-22 11:56:04
PROV10289,Dr. Skyler Patterson,Orthopedics,H003,LIC100289,2026-10-10,2026-06-22 11:56:04
PROV10290,Dr. Ryan Kim,Orthopedics,H004,LIC100290,2027-10-23,2026-06-22 11:56:04
PROV10291,Dr. Harper Nelson,Emergency Medicine,H001,LIC100291,2027-01-08,2026-06-22 11:56:04
PROV10292,Dr. Avery Kim,Neurology,H002,LIC100292,2026-01-19,2026-06-22 11:56:04
PROV10293,Dr. Skyler Anderson,Oncology,H005,LIC100293,2027-02-21,2026-06-22 11:56:04
PROV10294,Dr. Sydney Harris,Pediatrics,H002,LIC100294,2027-05-25,2026-06-22 11:56:04
PROV10295,Dr. Skyler Brooks,Cardiology,H001,LIC100295,2026-04-25,2026-06-22 11:56:04
PROV10296,Dr. Skyler Harris,Cardiology,H003,LIC100296,2026-02-20,2026-06-22 11:56:04
PROV10297,Dr. Blake Harris,Oncology,H001,LIC100297,2027-12-24,2026-06-22 11:56:04
PROV10298,Dr. Taylor Fisher,Emergency Medicine,H002,LIC100298,2026-08-27,2026-06-22 11:56:04
PROV10299,Dr. Devon Jackson,Neurology,H004,LIC100299,2026-05-24,2026-06-22 11:56:04
PROV10300,Dr. Jamie Jackson,Pulmonology,H001,LIC100300,2025-05-13,2026-06-22 11:56:04
PROV10301,Dr. Drew Owens,Neurology,H001,LIC100301,2027-06-13,2026-06-22 11:56:04
PROV10302,Dr. Morgan Kim,Orthopedics,H001,LIC100302,2027-06-13,2026-06-22 11:56:04
PROV10303,Dr. Quinn Ibrahim,Internal Medicine,H005,LIC100303,2027-08-14,2026-06-22 11:56:04
PROV10304,Dr. Casey Lewis,Pulmonology,H005,LIC100304,2027-12-31,2026-06-22 11:56:04
PROV10305,Dr. Harper Edwards,Oncology,H002,LIC100305,2027-07-04,2026-06-22 11:56:04
PROV10306,Dr. Parker Lewis,Cardiology,H001,LIC100306,2026-06-04,2026-06-22 11:56:04
PROV10307,Dr. Morgan Jackson,Orthopedics,H003,LIC100307,2026-08-31,2026-06-22 11:56:04
PROV10308,Dr. Jamie Reynolds,Internal Medicine,H005,LIC100308,2026-01-19,2026-06-22 11:56:04
PROV10309,Dr. Parker Turner,Oncology,H003,LIC100309,2027-02-01,2026-06-22 11:56:04
PROV10310,Dr. Sydney Diaz,Emergency Medicine,H002,LIC100310,2027-02-20,2026-06-22 11:56:04
PROV10311,Dr. Alex Anderson,Orthopedics,H002,LIC100311,2026-09-28,2026-06-22 11:56:04
PROV10312,Dr. Jamie Carter,Pulmonology,H004,LIC100312,2026-10-07,2026-06-22 11:56:04
PROV10313,Dr. Harper Stewart,Oncology,H005,LIC100313,2027-01-03,2026-06-22 11:56:04
PROV10314,Dr. Sydney Turner,Cardiology,H003,LIC100314,2027-06-08,2026-06-22 11:56:04
PROV10315,Dr. Ryan Reynolds,Neurology,H002,LIC100315,2027-05-17,2026-06-22 11:56:04
PROV10316,Dr. Sydney Anderson,Pulmonology,H002,LIC100316,2026-02-05,2026-06-22 11:56:04
PROV10317,Dr. Quinn Ibrahim,Orthopedics,H004,LIC100317,2026-02-07,2026-06-22 11:56:04
PROV10318,Dr. Drew Harris,Pediatrics,H003,LIC100318,2027-08-26,2026-06-22 11:56:04
PROV10319,Dr. Morgan Nelson,Orthopedics,H002,LIC100319,2026-08-04,2026-06-22 11:56:04
PROV10320,Dr. Reese Nelson,Emergency Medicine,H001,LIC100320,2026-08-04,2026-06-22 11:56:04
PROV10321,Dr. Sydney Turner,Neurology,H005,LIC100321,2027-01-23,2026-06-22 11:56:04
PROV10322,Dr. Riley Carter,Oncology,H004,LIC100322,2027-08-15,2026-06-22 11:56:04
PROV10323,Dr. Quinn Quinn,Neurology,H002,LIC100323,2026-06-03,2026-06-22 11:56:04
PROV10324,Dr. Jamie Fisher,Cardiology,H004,LIC100324,2027-09-29,2026-06-22 11:56:04
PROV10325,Dr. Jamie Brooks,Oncology,H002,LIC100325,2026-01-02,2026-06-22 11:56:04
PROV10326,Dr. Jamie Edwards,Orthopedics,H001,LIC100326,2027-12-01,2026-06-22 11:56:04
PROV10327,Dr. Jordan Quinn,Cardiology,H005,LIC100327,2026-06-02,2026-06-22 11:56:04
PROV10328,Dr. Devon Nelson,Pediatrics,H004,LIC100328,2027-08-01,2026-06-22 11:56:04
PROV10329,Dr. Alex Diaz,Pediatrics,H003,LIC100329,2027-07-23,2026-06-22 11:56:04
PROV10330,Dr. Casey Stewart,Emergency Medicine,H001,LIC100330,2026-11-01,2026-06-22 11:56:04
PROV10331,Dr. Sydney Gonzalez,Internal Medicine,H005,LIC100331,2027-11-18,2026-06-22 11:56:04
PROV10332,Dr. Harper Anderson,Oncology,H005,LIC100332,2027-01-25,2026-06-22 11:56:04
PROV10333,Dr. Taylor Jackson,Internal Medicine,H005,LIC100333,2026-04-29,2026-06-22 11:56:04
PROV10334,Dr. Casey Edwards,Neurology,H005,LIC100334,2027-02-05,2026-06-22 11:56:04
PROV10335,Dr. Devon Patterson,Pulmonology,H005,LIC100335,2026-03-28,2026-06-22 11:56:04
PROV10336,Dr. Blake Kim,Cardiology,H003,LIC100336,2026-04-19,2026-06-22 11:56:04
PROV10337,Dr. Casey Turner,Internal Medicine,H004,LIC100337,2026-04-21,2026-06-22 11:56:04
PROV10338,Dr. Harper Turner,Oncology,H001,LIC100338,2027-12-16,2026-06-22 11:56:04
PROV10339,Dr. Drew Turner,Pulmonology,H003,LIC100339,2027-07-06,2026-06-22 11:56:04
PROV10340,Dr. Ryan Owens,Emergency Medicine,H005,LIC100340,2026-09-11,2026-06-22 11:56:04
PROV10341,Dr. Casey Fisher,Pulmonology,H002,LIC100341,2027-01-02,2026-06-22 11:56:04
PROV10342,Dr. Drew Fisher,Orthopedics,H003,LIC100342,2026-10-13,2026-06-22 11:56:04
PROV10343,Dr. Devon Turner,Internal Medicine,H005,LIC100343,2027-10-20,2026-06-22 11:56:04
PROV10344,Dr. Parker Patterson,Orthopedics,H005,LIC100344,2026-02-21,2026-06-22 11:56:04
PROV10345,Dr. Sydney Ibrahim,Cardiology,H001,LIC100345,2026-12-25,2026-06-22 11:56:04
PROV10346,Dr. Casey Nelson,Cardiology,H005,LIC100346,2026-06-27,2026-06-22 11:56:04
PROV10347,Dr. Riley Anderson,Neurology,H005,LIC100347,2026-08-25,2026-06-22 11:56:04
PROV10348,Dr. Devon Patterson,Oncology,H004,LIC100348,2027-01-04,2026-06-22 11:56:04
PROV10349,Dr. Devon Ibrahim,Pulmonology,H004,LIC100349,2027-10-07,2026-06-22 11:56:04
PROV10350,Dr. Jordan Quinn,Orthopedics,H002,LIC100350,2025-04-19,2026-06-22 11:56:04
PROV10351,Dr. Avery Edwards,Cardiology,H005,LIC100351,2026-12-09,2026-06-22 11:56:04
PROV10352,Dr. Quinn Ibrahim,Emergency Medicine,H002,LIC100352,2027-07-01,2026-06-22 11:56:04
PROV10353,Dr. Jordan Edwards,Internal Medicine,H001,LIC100353,2027-07-27,2026-06-22 11:56:04
PROV10354,Dr. Morgan Lewis,Pediatrics,H003,LIC100354,2027-12-11,2026-06-22 11:56:04
PROV10355,Dr. Ryan Carter,Internal Medicine,H003,LIC100355,2026-07-11,2026-06-22 11:56:04
PROV10356,Dr. Taylor Stewart,Orthopedics,H001,LIC100356,2026-09-13,2026-06-22 11:56:04
PROV10357,Dr. Drew Nelson,Orthopedics,H001,LIC100357,2026-02-15,2026-06-22 11:56:04
PROV10358,Dr. Skyler Owens,Neurology,H003,LIC100358,2027-10-25,2026-06-22 11:56:04
PROV10359,Dr. Quinn Gonzalez,Emergency Medicine,H003,LIC100359,2027-07-09,2026-06-22 11:56:04
PROV10360,Dr. Skyler Patterson,Emergency Medicine,H004,LIC100360,2027-01-04,2026-06-22 11:56:04
PROV10361,Dr. Rowan Carter,Oncology,H005,LIC100361,2026-01-02,2026-06-22 11:56:04
PROV10362,Dr. Harper Nelson,Pulmonology,H004,LIC100362,2027-08-15,2026-06-22 11:56:04
PROV10363,Dr. Reese Mills,Neurology,H005,LIC100363,2026-08-27,2026-06-22 11:56:04
PROV10364,Dr. Reese Stewart,Pulmonology,H005,LIC100364,2027-12-19,2026-06-22 11:56:04
PROV10365,Dr. Jamie Ibrahim,Emergency Medicine,H003,LIC100365,2026-10-24,2026-06-22 11:56:04
PROV10366,Dr. Riley Gonzalez,Emergency Medicine,H004,LIC100366,2026-07-05,2026-06-22 11:56:04
PROV10367,Dr. Ryan Lewis,Pulmonology,H002,LIC100367,2026-12-19,2026-06-22 11:56:04
PROV10368,Dr. Devon Ibrahim,Pulmonology,H001,LIC100368,2026-04-02,2026-06-22 11:56:04
PROV10369,Dr. Cameron Fisher,Pediatrics,H003,LIC100369,2027-07-04,2026-06-22 11:56:04
PROV10370,Dr. Reese Anderson,Internal Medicine,H005,LIC100370,2026-06-07,2026-06-22 11:56:04
PROV10371,Dr. Riley Lewis,Cardiology,H002,LIC100371,2026-04-08,2026-06-22 11:56:04
PROV10372,Dr. Sydney Turner,Emergency Medicine,H002,LIC100372,2027-06-20,2026-06-22 11:56:04
PROV10373,Dr. Ryan Gonzalez,Pediatrics,H004,LIC100373,2027-11-03,2026-06-22 11:56:04
PROV10374,Dr. Reese Jackson,Neurology,H001,LIC100374,2026-04-12,2026-06-22 11:56:04
PROV10375,Dr. Reese Brooks,Cardiology,H001,LIC100375,2026-12-18,2026-06-22 11:56:04
PROV10376,Dr. Parker Owens,Cardiology,H001,LIC100376,2026-03-01,2026-06-22 11:56:04
PROV10377,Dr. Rowan Turner,Oncology,H003,LIC100377,2027-11-17,2026-06-22 11:56:04
PROV10378,Dr. Blake Diaz,Pulmonology,H002,LIC100378,2027-03-23,2026-06-22 11:56:04
PROV10379,Dr. Alex Anderson,Pulmonology,H002,LIC100379,2027-12-31,2026-06-22 11:56:04
PROV10380,Dr. Alex Ibrahim,Oncology,H002,LIC100380,2026-10-12,2026-06-22 11:56:04
PROV10381,Dr. Jamie Mills,Pediatrics,H004,LIC100381,2027-04-26,2026-06-22 11:56:04
PROV10382,Dr. Morgan Brooks,Cardiology,H003,LIC100382,2027-04-10,2026-06-22 11:56:04
PROV10383,Dr. Skyler Anderson,Pulmonology,H004,LIC100383,2026-08-30,2026-06-22 11:56:04
PROV10384,Dr. Avery Turner,Pulmonology,H005,LIC100384,2027-09-06,2026-06-22 11:56:04
PROV10385,Dr. Casey Stewart,Pulmonology,H002,LIC100385,2027-04-28,2026-06-22 11:56:04
PROV10386,Dr. Alex Lewis,Orthopedics,H004,LIC100386,2026-07-31,2026-06-22 11:56:04
PROV10387,Dr. Cameron Harris,Neurology,H004,LIC100387,2027-06-13,2026-06-22 11:56:04
PROV10388,Dr. Rowan Jackson,Internal Medicine,H004,LIC100388,2027-01-30,2026-06-22 11:56:04
PROV10389,Dr. Sydney Ibrahim,Oncology,H002,LIC100389,2027-03-12,2026-06-22 11:56:04
PROV10390,Dr. Morgan Diaz,Emergency Medicine,H005,LIC100390,2027-04-11,2026-06-22 11:56:04
PROV10391,Dr. Morgan Brooks,Internal Medicine,H005,LIC100391,2026-05-31,2026-06-22 11:56:04
PROV10392,Dr. Parker Anderson,Emergency Medicine,H002,LIC100392,2027-08-17,2026-06-22 11:56:04
PROV10393,Dr. Casey Anderson,Pulmonology,H003,LIC100393,2026-08-19,2026-06-22 11:56:04
PROV10394,Dr. Reese Nelson,Oncology,H001,LIC100394,2026-04-30,2026-06-22 11:56:04
PROV10395,Dr. Taylor Anderson,Pulmonology,H002,LIC100395,2026-03-29,2026-06-22 11:56:04
PROV10396,Dr. Reese Lewis,Cardiology,H001,LIC100396,2026-08-23,2026-06-22 11:56:04
PROV10397,Dr. Taylor Owens,Emergency Medicine,H005,LIC100397,2027-10-02,2026-06-22 11:56:04
PROV10398,Dr. Jordan Fisher,Pediatrics,H004,LIC100398,2027-04-15,2026-06-22 11:56:04
PROV10399,Dr. Cameron Kim,Oncology,H004,LIC100399,2027-01-20,2026-06-22 11:56:04
PROV10400,Dr. Sydney Owens,Oncology,H004,LIC100400,2025-03-16,2026-06-22 11:56:04
PROV10401,Dr. Blake Stewart,Neurology,H004,LIC100401,2027-03-20,2026-06-22 11:56:04
PROV10402,Dr. Quinn Anderson,Emergency Medicine,H001,LIC100402,2027-03-15,2026-06-22 11:56:04
PROV10403,Dr. Sydney Turner,Oncology,H004,LIC100403,2027-08-12,2026-06-22 11:56:04
PROV10404,Dr. Blake Nelson,Internal Medicine,H001,LIC100404,2026-07-12,2026-06-22 11:56:04
PROV10405,Dr. Reese Carter,Oncology,H005,LIC100405,2026-05-27,2026-06-22 11:56:04
PROV10406,Dr. Harper Nelson,Orthopedics,H004,LIC100406,2026-03-29,2026-06-22 11:56:04
PROV10407,Dr. Devon Edwards,Emergency Medicine,H005,LIC100407,2027-12-23,2026-06-22 11:56:04
PROV10408,Dr. Ryan Carter,Pediatrics,H004,LIC100408,2026-12-16,2026-06-22 11:56:04
PROV10409,Dr. Blake Lewis,Internal Medicine,H002,LIC100409,2026-02-17,2026-06-22 11:56:04
PROV10410,Dr. Jordan Stewart,Neurology,H004,LIC100410,2026-02-06,2026-06-22 11:56:04
PROV10411,Dr. Alex Gonzalez,Oncology,H005,LIC100411,2026-07-06,2026-06-22 11:56:04
PROV10412,Dr. Riley Brooks,Pulmonology,H005,LIC100412,2027-08-19,2026-06-22 11:56:04
PROV10413,Dr. Rowan Brooks,Orthopedics,H002,LIC100413,2027-09-06,2026-06-22 11:56:04
PROV10414,Dr. Quinn Stewart,Pediatrics,H001,LIC100414,2026-08-11,2026-06-22 11:56:04
PROV10415,Dr. Devon Quinn,Orthopedics,H005,LIC100415,2027-11-06,2026-06-22 11:56:04
PROV10416,Dr. Reese Reynolds,Oncology,H001,LIC100416,2027-07-15,2026-06-22 11:56:04
PROV10417,Dr. Harper Reynolds,Internal Medicine,H005,LIC100417,2027-07-30,2026-06-22 11:56:04
PROV10418,Dr. Skyler Jackson,Internal Medicine,H005,LIC100418,2026-09-15,2026-06-22 11:56:04
PROV10419,Dr. Drew Diaz,Internal Medicine,H003,LIC100419,2026-06-11,2026-06-22 11:56:04
PROV10420,Dr. Harper Owens,Neurology,H003,LIC100420,2027-08-09,2026-06-22 11:56:04
PROV10421,Dr. Morgan Fisher,Neurology,H002,LIC100421,2027-02-07,2026-06-22 11:56:04
PROV10422,Dr. Alex Kim,Orthopedics,H002,LIC100422,2026-07-27,2026-06-22 11:56:04
PROV10423,Dr. Cameron Nelson,Internal Medicine,H004,LIC100423,2027-08-29,2026-06-22 11:56:04
PROV10424,Dr. Ryan Patterson,Cardiology,H001,LIC100424,2026-04-13,2026-06-22 11:56:04
PROV10425,Dr. Cameron Fisher,Pulmonology,H005,LIC100425,2027-03-18,2026-06-22 11:56:04
PROV10426,Dr. Sydney Mills,Oncology,H003,LIC100426,2027-03-23,2026-06-22 11:56:04
PROV10427,Dr. Parker Turner,Neurology,H003,LIC100427,2027-10-16,2026-06-22 11:56:04
PROV10428,Dr. Blake Quinn,Pediatrics,H001,LIC100428,2027-10-30,2026-06-22 11:56:04
PROV10429,Dr. Cameron Owens,Emergency Medicine,H005,LIC100429,2026-01-02,2026-06-22 11:56:04
PROV10430,Dr. Riley Harris,Oncology,H004,LIC100430,2027-01-20,2026-06-22 11:56:04
PROV10431,Dr. Devon Anderson,Oncology,H004,LIC100431,2027-02-16,2026-06-22 11:56:04
PROV10432,Dr. Drew Anderson,Neurology,H005,LIC100432,2026-11-05,2026-06-22 11:56:04
PROV10433,Dr. Jordan Gonzalez,Orthopedics,H001,LIC100433,2026-05-22,2026-06-22 11:56:04
PROV10434,Dr. Sydney Nelson,Pediatrics,H004,LIC100434,2026-08-13,2026-06-22 11:56:04
PROV10435,Dr. Taylor Anderson,Cardiology,H003,LIC100435,2027-02-14,2026-06-22 11:56:04
PROV10436,Dr. Jordan Quinn,Cardiology,H005,LIC100436,2026-06-20,2026-06-22 11:56:04
PROV10437,Dr. Avery Edwards,Cardiology,H004,LIC100437,2026-07-26,2026-06-22 11:56:04
PROV10438,Dr. Taylor Owens,Pediatrics,H005,LIC100438,2026-08-16,2026-06-22 11:56:04
PROV10439,Dr. Quinn Harris,Pediatrics,H001,LIC100439,2027-08-30,2026-06-22 11:56:04
PROV10440,Dr. Drew Mills,Pediatrics,H002,LIC100440,2027-05-22,2026-06-22 11:56:04
PROV10441,Dr. Drew Turner,Internal Medicine,H003,LIC100441,2027-05-02,2026-06-22 11:56:04
PROV10442,Dr. Taylor Reynolds,Oncology,H002,LIC100442,2026-09-19,2026-06-22 11:56:04
PROV10443,Dr. Avery Reynolds,Neurology,H004,LIC100443,2027-08-29,2026-06-22 11:56:04
PROV10444,Dr. Jordan Lewis,Cardiology,H002,LIC100444,2027-07-22,2026-06-22 11:56:04
PROV10445,Dr. Rowan Mills,Cardiology,H002,LIC100445,2027-03-10,2026-06-22 11:56:04
PROV10446,Dr. Alex Reynolds,Cardiology,H003,LIC100446,2027-09-24,2026-06-22 11:56:04
PROV10447,Dr. Casey Patterson,Pulmonology,H005,LIC100447,2026-05-09,2026-06-22 11:56:04
PROV10448,Dr. Harper Owens,Internal Medicine,H001,LIC100448,2026-10-30,2026-06-22 11:56:04
PROV10449,Dr. Avery Kim,Emergency Medicine,H003,LIC100449,2027-02-23,2026-06-22 11:56:04
PROV10450,Dr. Jamie Quinn,Oncology,H005,LIC100450,2025-04-25,2026-06-22 11:56:04
PROV10451,Dr. Jordan Edwards,Emergency Medicine,H005,LIC100451,2026-04-01,2026-06-22 11:56:04
PROV10452,Dr. Ryan Fisher,Internal Medicine,H005,LIC100452,2026-09-20,2026-06-22 11:56:04
PROV10453,Dr. Avery Nelson,Cardiology,H003,LIC100453,2027-08-23,2026-06-22 11:56:04
PROV10454,Dr. Drew Edwards,Pulmonology,H001,LIC100454,2026-12-26,2026-06-22 11:56:04
PROV10455,Dr. Parker Jackson,Cardiology,H001,LIC100455,2026-09-04,2026-06-22 11:56:04
PROV10456,Dr. Jordan Anderson,Orthopedics,H002,LIC100456,2027-03-31,2026-06-22 11:56:04
PROV10457,Dr. Parker Kim,Emergency Medicine,H004,LIC100457,2026-01-16,2026-06-22 11:56:04
PROV10458,Dr. Jordan Kim,Internal Medicine,H004,LIC100458,2027-09-02,2026-06-22 11:56:04
PROV10459,Dr. Jordan Reynolds,Oncology,H002,LIC100459,2027-03-25,2026-06-22 11:56:04
PROV10460,Dr. Quinn Patterson,Pediatrics,H005,LIC100460,2027-02-23,2026-06-22 11:56:04
PROV10461,Dr. Drew Reynolds,Neurology,H002,LIC100461,2026-08-07,2026-06-22 11:56:04
PROV10462,Dr. Devon Ibrahim,Neurology,H004,LIC100462,2027-07-01,2026-06-22 11:56:04
PROV10463,Dr. Harper Nelson,Oncology,H005,LIC100463,2027-12-26,2026-06-22 11:56:04
PROV10464,Dr. Jamie Ibrahim,Pulmonology,H005,LIC100464,2026-04-29,2026-06-22 11:56:04
PROV10465,Dr. Rowan Reynolds,Emergency Medicine,H004,LIC100465,2026-08-17,2026-06-22 11:56:04
PROV10466,Dr. Drew Lewis,Pediatrics,H003,LIC100466,2027-10-22,2026-06-22 11:56:04
PROV10467,Dr. Devon Ibrahim,Orthopedics,H005,LIC100467,2027-10-24,2026-06-22 11:56:04
PROV10468,Dr. Alex Anderson,Neurology,H003,LIC100468,2026-04-15,2026-06-22 11:56:04
PROV10469,Dr. Morgan Stewart,Neurology,H002,LIC100469,2027-10-14,2026-06-22 11:56:04
PROV10470,Dr. Taylor Gonzalez,Oncology,H004,LIC100470,2027-04-12,2026-06-22 11:56:04
PROV10471,Dr. Reese Harris,Pulmonology,H004,LIC100471,2026-10-11,2026-06-22 11:56:04
PROV10472,Dr. Drew Owens,Internal Medicine,H002,LIC100472,2026-10-20,2026-06-22 11:56:04
PROV10473,Dr. Rowan Gonzalez,Internal Medicine,H005,LIC100473,2027-08-17,2026-06-22 11:56:04
PROV10474,Dr. Avery Patterson,Emergency Medicine,H003,LIC100474,2027-08-15,2026-06-22 11:56:04
PROV10475,Dr. Alex Anderson,Oncology,H001,LIC100475,2027-02-01,2026-06-22 11:56:04
PROV10476,Dr. Quinn Gonzalez,Neurology,H001,LIC100476,2026-07-01,2026-06-22 11:56:04
PROV10477,Dr. Harper Kim,Pulmonology,H001,LIC100477,2026-11-19,2026-06-22 11:56:04
PROV10478,Dr. Quinn Jackson,Oncology,H002,LIC100478,2027-04-28,2026-06-22 11:56:04
PROV10479,Dr. Morgan Kim,Cardiology,H001,LIC100479,2027-11-06,2026-06-22 11:56:04
PROV10480,Dr. Parker Turner,Emergency Medicine,H002,LIC100480,2026-10-05,2026-06-22 11:56:04
PROV10481,Dr. Riley Lewis,Neurology,H001,LIC100481,2026-12-30,2026-06-22 11:56:04
PROV10482,Dr. Rowan Kim,Orthopedics,H001,LIC100482,2027-04-19,2026-06-22 11:56:04
PROV10483,Dr. Skyler Kim,Orthopedics,H004,LIC100483,2026-03-26,2026-06-22 11:56:04
PROV10484,Dr. Devon Diaz,Orthopedics,H001,LIC100484,2027-08-16,2026-06-22 11:56:04
PROV10485,Dr. Skyler Quinn,Pediatrics,H003,LIC100485,2026-07-06,2026-06-22 11:56:04
PROV10486,Dr. Skyler Brooks,Neurology,H002,LIC100486,2026-10-19,2026-06-22 11:56:04
PROV10487,Dr. Skyler Brooks,Internal Medicine,H001,LIC100487,2027-04-10,2026-06-22 11:56:04
PROV10488,Dr. Rowan Quinn,Oncology,H001,LIC100488,2026-05-01,2026-06-22 11:56:04
PROV10489,Dr. Rowan Fisher,Orthopedics,H003,LIC100489,2027-07-15,2026-06-22 11:56:04
PROV10490,Dr. Ryan Fisher,Internal Medicine,H004,LIC100490,2027-07-05,2026-06-22 11:56:04
PROV10491,Dr. Rowan Edwards,Neurology,H005,LIC100491,2027-12-11,2026-06-22 11:56:04
PROV10492,Dr. Sydney Quinn,Neurology,H003,LIC100492,2026-03-25,2026-06-22 11:56:04
PROV10493,Dr. Jamie Carter,Pulmonology,H001,LIC100493,2027-05-05,2026-06-22 11:56:04
PROV10494,Dr. Blake Carter,Pulmonology,H001,LIC100494,2026-07-14,2026-06-22 11:56:04
PROV10495,Dr. Jamie Lewis,Emergency Medicine,H003,LIC100495,2026-06-16,2026-06-22 11:56:04
PROV10496,Dr. Casey Patterson,Orthopedics,H001,LIC100496,2026-11-05,2026-06-22 11:56:04
PROV10497,Dr. Avery Reynolds,Orthopedics,H002,LIC100497,2027-02-02,2026-06-22 11:56:04
PROV10498,Dr. Blake Anderson,Cardiology,H005,LIC100498,2026-02-08,2026-06-22 11:56:04
PROV10499,Dr. Taylor Ibrahim,Emergency Medicine,H003,LIC100499,2027-12-22,2026-06-22 11:56:04
,Dr. Rowan Anderson,Emergency Medicine,H002,LIC100500,2025-10-13,2026-06-22 11:56:04
